0.65506854031937,0.91031974922415,0.55959449813682,129,47,21
0.23871616518065,0.38838518242742,0.47582671985767,106,-63,147
0.24033059144408,0.88090606540484,0.45073497814626,-7,110,106
0.89431820059862,0.58798526208288,0.29750593704987,-16,89,-72
0.79972115801634,0.022670824556924,0.15886627876147,-77,21,36
0.056211875312129,0.48564797615895,0.73161646371317,51,-50,0
0.060743854875091,0.018764394809848,0.10725049898366,12,33,29
0.74438479623961,0.54180781708183,0.10286366930365,153,170,139
0.17782687683489,0.36177687037819,0.75190650646198,138,1,-116
0.11875565402152,0.96727028161626,0.94083661057094,-76,178,95
0.33582242687038,0.70942513305201,0.31380216731401,108,20,98
0.3771234738534,0.39868865460096,0.61916121110281,-97,24,-31
0.047307141147231,0.88680954970737,0.19561841380578,-58,-130,-76
0.39694451698891,0.41679972709008,0.18345931120378,159,53,4
0.021707738759791,0.09108799607078,0.28755952184441,39,-65,178
0.62916739966216,0.22799191820807,0.47973600410844,136,7,-122
0.40850326950126,0.78143094935521,0.80890189833422,-97,-146,-128
0.27250970540219,0.88813853864006,0.75020377964257,2,107,100
0.47457046270118,0.47085792127571,0.36058612496619,33,124,63
0.6732788349843,0.12488418730203,0.45314648847708,0,-22,25
0.33219315359937,0.58527543236747,0.75231369233332,77,-130,-87
0.80732461894272,0.45125937575999,0.25825583467179,-24,31,155
0.080802821126209,0.5842112589554,0.66506586101142,-68,39,-96
0.53140633205483,0.22176608407021,0.62277232963721,-82,151,125
0.31994616068897,0.47490492997454,0.17208687256653,-152,-25,-72
0.33589396268869,0.74171089555217,0.38569997161892,-35,141,21
0.66513583188184,0.7561631229502,0.90212062681193,-78,-130,-71
0.28293740622836,0.27510331816743,0.22535872502502,86,-36,-70
0.2057957845767,0.79197232089563,0.95525901655446,87,9,-101
0.64949917264725,0.7460241777571,1.0252379792394,132,1,-129
0.14471993415836,0.5419693703493,0.44744791469884,129,-54,-85
0.14991866105698,0.39508379641691,0.21203853698077,13,-96,-158
0.012391686910946,0.58409659219165,1.0985271873877,87,98,-105
0.92998394972178,0.46917563093322,0.15447165111754,-130,-68,-23
0.066140136246635,0.095100038729189,0.9772224527212,-19,180,-127
0.017296112150557,0.33075167254114,0.56590960606277,-156,-149,170
0.041745784246244,0.23373486997268,0.67509452876406,104,85,6
0.90077291750385,0.55015453815002,0.95839621297009,117,-65,75
0.81855946165442,0.042113320455939,0.22007097300145,171,107,-107
0.29443167024033,0.54653153361125,0.33136024979472,153,-14,-51
0.90693414532902,0.21367167691405,0.50283270664645,50,-72,-101
0.7703218561459,0.2037463119271,0.16840291995015,-159,45,-115
0.40948403971711,0.58900460116053,0.97727170385293,-137,147,-137
0.33106052797803,0.23545616224197,0.8547733121341,43,82,14
0.95571081803912,0.00075323320960311,0.29694169433645,84,104,-106
0.15279429832138,0.12563761655504,0.43019487621737,19,-80,28
0.52705286607475,0.35045338158982,0.87519581642709,-113,178,-88
0.7819718964314,0.06208430047244,0.37324707911967,-145,-120,-124
0.20992354639337,0.264980532818,0.57202664775403,-175,-86,-110
0.15602720815503,0.48247182065736,0.4925155747647,-13,-151,-166
0.30926540648065,0.92080753525757,0.76689313513548,-13,-178,-67
0.033852332287399,0.98060879529482,0.29740359121813,-104,136,-49
0.48038470022398,0.088160453405306,0.57476971124987,-105,73,6
0.58796183745748,0.19328020009831,0.8041007986777,-156,45,108
0.88185769965959,0.83843652756812,0.46973946791596,-57,122,114
0.6546561222778,0.40609539132849,0.85526227744076,-2,-27,66
0.45457393371247,0.31432907437642,0.35808563281693,97,-18,-168
0.53394303914809,0.59225893793267,0.43421177665433,51,-55,18
0.90471010278198,0.13354537781959,0.54122396802587,126,-175,51
0.54251576705953,0.00091411639047513,0.77256547914472,50,63,-66
0.31523854812385,0.27790204681358,0.28971700416399,68,-14,30
0.20422637798089,0.56981039911965,0.74738277096645,-142,164,-112
0.37933214166171,0.2385694516071,0.79099357756367,-172,-135,67
0.52795206686852,0.25243676698414,0.32842208446396,98,175,10
0.68327613812093,0.67338559854468,0.77510206470038,-77,-132,-124
0.96150305586006,0.1249489575275,0.27118703768178,-154,104,-37
0.13563773321716,0.62845975282996,1.0107843497353,171,-158,-174
0.076813928818709,0.64790872607748,0.6152768364713,118,34,39
0.92341783452938,0.62026815052157,0.45722133394201,-37,151,-101
0.60450414596335,0.39527016849968,0.60715599279253,158,-143,-164
0.50256026466496,0.7067287046028,0.12757958137783,-55,70,-119
0.98344748466436,0.51947586961066,0.13948632257035,143,90,-52
0.20154334101898,0.43436320099717,0.12687298833713,-21,-82,86
0.0013986388227896,0.34931275730455,0.8814240799199,-63,-34,-124
0.34693681045758,0.32816394992553,0.95387838578498,-157,177,35
0.47035367203427,0.75539053406352,0.59870713730282,19,-134,-4
0.66338072608382,0.72216919330981,0.69860154595161,-176,13,-73
0.99851967254585,0.55802120992822,0.7808744253036,5,-138,-180
0.42152538775537,0.95420019931821,0.41689111623768,-14,-97,54
0.28315649520753,0.21449966971506,0.77618289667935,-54,-113,64
0.29019395974008,0.43428651123973,1.0702573260154,87,-179,140
0.6220409263028,0.2771909969287,0.32368201158181,28,128,40
0.48401554789581,0.89187557152094,0.81044676644283,147,-150,-106
0.95072602105826,0.61504113795936,0.24994098020249,-65,20,-140
0.75105386122645,0.29466277933431,0.33520604625121,-131,44,77
0.59447231543924,0.26638367924205,1.0586046640568,-159,63,-160
0.084719189482145,0.54546828965911,0.67546311597129,91,-37,143
0.5249128958792,0.5599911369197,0.70977122169443,39,-15,-138
0.30127523341276,0.07457900749267,0.69131365296958,-132,-95,117
0.29247123063191,0.060366925811566,0.64379489903515,156,-58,-62
0.38033137022533,0.39557980764451,0.34554733943452,22,-71,-177
0.85312376676738,0.67276348204946,0.40680596889314,73,35,143
0.31966543072819,0.020425532022689,0.38890156945628,80,-54,145
0.59078365033063,0.32907870101234,0.68977417163075,-141,-175,166
0.4733421394943,0.66711481645103,0.87809417284005,121,180,-16
0.5790876883916,0.30711183338757,0.51400610069465,14,-56,123
0.29497250136685,0.18382754557944,0.36993885835164,99,87,-30
0.7667404533209,0.33535733089566,0.26160315655247,35,-121,-24
0.11189060756559,0.85778074146145,0.63815741908651,103,127,36
0.26909906662493,0.54231927522566,0.36073221688193,104,18,-1
0.20102229211527,0.0015201326466725,0.26890827527685,4,-171,-52
0.42877320033907,0.81217625076518,0.7901232985268,11,161,85
0.16816627195485,0.70841712025386,0.10972229848137,78,-130,-90
0.6380044597378,0.44035291319729,1.0423518283024,-29,-42,-124
0.18156911674029,0.25038485752902,0.52192970701583,172,-52,-16
0.78468382022562,0.32751403624542,0.16723482071759,-162,-28,-64
0.31621955396431,0.54393940863383,0.18309164321194,135,-88,67
0.84349723991169,0.95920417642184,1.0980352409175,-23,-178,-43
0.24744223442275,0.62392506079,0.89741354556634,121,5,-42
0.21489797821962,0.47632507256992,0.89758742255978,31,62,71
0.88332604564881,0.056246047865714,0.99155874210017,-172,-27,-89
0.033984416180283,0.90925798886887,0.68967059086527,144,-107,-143
0.50561678479687,0.53507980216997,0.68136651785177,-89,-41,-47
0.036398261336795,0.78235090653522,0.6038722937479,-130,51,-130
0.28387433350267,0.059637698838319,0.2529254471664,-61,-102,-110
0.84156772114409,0.74097421054774,0.4886291298031,-133,16,-102
0.34086080563295,0.29914972106887,0.51627648678435,-118,44,-125
0.69335306980338,0.57430567525993,0.8085269683546,-38,-151,8
0.63044140982928,0.57187121201859,0.40205180510043,-176,102,-144
0.92512040768057,0.94155374446025,0.48245704741332,24,118,170
0.035434511972328,0.23186644829431,0.85263361062512,133,117,-79
0.64066735545204,0.59381043985198,0.92008741461676,51,-167,-154
0.49459367128769,0.11258795862672,0.72668267340711,-102,120,3
0.3004581175281,0.011742801876619,0.47698438362078,-136,37,102
0.045917481671049,0.95824270460673,0.59092136439445,-58,23,-134
0.74630679271478,0.16003004888074,0.90647966396365,-33,-29,50
0.34995848422402,0.99204471194746,0.33344992158629,37,-28,106
0.91768259225305,0.18824023808736,1.0867942915237,-93,7,13
0.34493424992307,0.36436641885171,0.38105296952699,166,-143,-149
0.48136378847126,0.93760475047752,0.15537231921003,-156,-140,-17
0.15291554208515,0.83359456054568,1.0191029378768,-149,-56,-100
0.72231323445324,0.14751872846276,0.40508802193454,151,1,-163
0.054981351390007,0.39795147366726,0.71919006780684,12,-128,-172
0.19499451024225,0.0013198168023116,0.97267984583633,29,-81,33
0.60687775472499,0.72428259939155,1.0434901368541,-58,-145,-104
0.10925928228966,0.80651191752707,1.0691653018674,86,87,-38
0.16442486325485,0.59976662304242,0.91969544562497,-162,24,134
0.23032420279008,0.20495822383322,0.81762095099204,-54,-75,6
0.39442924149075,0.12333658855564,0.77485020667075,-167,53,-67
0.83371651537424,0.20066966032641,0.63350350099313,154,-149,167
0.21666093692959,0.75153510586896,0.58938750731265,-109,93,-4
0.89125371020811,0.34124969986326,0.80406967993084,-16,-172,49
0.88100462261634,0.31316824691052,0.49269374096426,-19,110,-61
0.05690020232317,0.81977396217164,0.96202068992985,146,-118,43
0.70967040895935,0.10927164513118,1.0767246348675,-157,-151,-101
0.38867162698352,0.97368551090997,0.98456008950461,94,16,-108
0.73502350120573,0.2815502268642,0.9959004710875,-167,-75,79
0.59947555214142,0.68770190406949,0.88977544083715,-180,-132,-16
0.80125624397828,0.6384194347255,0.73431196689341,113,-53,-18
0.89932466759315,0.47259506139559,0.22916190602312,76,105,-8
0.0027170549159483,0.98180460463362,0.96642715608069,109,158,-161
0.088475670241041,0.8413966162323,0.97632273970001,67,-4,17
0.82733917880214,0.69071003221474,0.35841340294965,-54,112,-78
0.53471115489244,0.76057358494055,0.2515880791245,-80,-130,-175
0.35142350166637,0.40072433482889,0.53036678593157,-171,110,172
0.19715844476463,0.45690179637489,0.61291767205713,-60,95,-79
0.99658194184144,0.60106975799476,1.0285659398551,172,38,177
0.5835987760609,0.068712653624226,0.47471525202259,-175,-17,86
0.094768219205909,0.072432963676952,0.80525510641991,-147,59,44
0.57126175685379,0.22828985575041,0.12991265944667,91,102,110
0.58355942628512,0.52652791865474,0.6993455148299,88,-137,5
0.81980441641985,0.68895332174793,0.58663242323633,-98,42,-57
0.46592130207732,0.018232231502529,0.79579347069179,44,160,25
0.25379974080892,0.52763748798875,0.3630288788411,35,-39,19
0.66518778291772,0.22320009033345,0.39785000546735,-128,-163,54
0.41898036115755,0.88652645744687,0.12454008070032,16,-8,102
0.19744361573711,0.16068367946925,0.11802814706137,-82,61,-13
0.55220228505889,0.94765570384807,1.0805315486065,147,11,-150
0.6934984064165,0.90365710756912,0.87126192803088,-32,-11,-34
0.87097103049558,0.69076204564924,0.6794565922485,-73,96,123
0.90940197413294,0.67077883922997,0.52680471317228,-93,-34,-56
0.92456549169708,0.79673285167512,0.41665857989185,-168,-36,-136
0.46091570260977,0.04520280055944,0.60657627196357,105,-119,-46
0.86934884491812,0.12308420526007,0.51166783702172,52,108,120
0.61671879217807,0.88897197688416,0.48701802836127,81,155,20
0.74254768236659,0.74481175781452,0.52442168501412,-25,13,77
0.89752872935381,0.28526688054449,0.83132479923373,-30,-49,102
0.26210386783914,0.57961038759891,0.743936482558,142,46,135
0.26274845807941,0.53329131870218,0.15719144458752,-72,-4,-37
0.50002373266035,0.086366489104166,1.0551054979465,-30,-26,-174
0.22754684799702,0.18254236047275,0.63010512494021,42,148,-177
0.60598689532186,0.65055449709788,0.18152732769098,-161,-107,-91
0.35130849776385,0.62308951030629,0.31636587577703,-5,-93,71
0.46861751818499,0.30769243571334,0.99381263772669,1,178,-138
0.15771363869203,0.81497586323646,0.48453578827183,-139,-147,60
0.14212598332303,0.10980787319588,0.13782680446181,-49,-105,-139
0.38312320848141,0.29759014504849,0.44594966487305,143,168,33
0.84784952404343,0.86678316810484,0.29595944378337,-130,-6,-35
0.12910872377879,0.14902873996134,0.79731915076138,5,30,-122
0.5336070794303,0.77533703566312,0.78437593741546,13,-117,74
0.39503410756357,0.8178739034654,0.73820075645959,-54,46,155
0.70316791334337,0.74851002858417,0.62446756256952,92,3,-124
0.099114936356952,0.20063850339532,0.21512300610315,83,127,123
0.27094187227587,0.593724274353,0.35660357636241,49,-129,112
0.26262286177958,0.71470533298082,0.13824625119485,91,88,-81
0.026792683651109,0.58384113413461,0.70764626255615,-156,-104,157
0.11580169578819,0.42516811770628,0.91676933300531,40,-168,-13
0.45520802375637,0.33464559416037,0.61957076299916,175,-89,-21
0.50451919180552,0.81626005601895,0.60196601939479,108,-83,135
0.84126652024745,0.19441650956609,0.32341866149726,-26,-122,-135
0.63798996649589,0.24106361541947,0.80251652258565,84,-30,-116
0.75670233823205,0.14342193312171,0.19105737232187,76,164,109
0.066036744073982,0.53040404316522,0.82186563057912,122,12,-78
0.72970216010218,0.71766265235732,1.0877846492398,146,-105,-175
0.55648269250825,0.97117400307729,0.95962246538122,-84,64,-17
0.50565826637003,0.6963235110493,1.0979432960963,116,43,90
0.92497329131,0.60246097976456,0.5500783688622,180,8,140
0.66968789448481,0.70631307955194,0.50964842420521,166,-51,100
0.58461043498694,0.65630670015528,0.59609698843961,78,-143,-162
0.7763101420255,0.30694756950575,0.19739774842625,-175,153,-83
0.026167145011093,0.49733664351391,0.43578783708428,127,-140,69
0.62843515753208,0.44611783160182,0.45589090984123,-155,-116,-43
0.35711855783924,0.44438773973118,0.29191973805051,-162,-63,-142
0.28258696770416,0.5980093207201,0.26819528358439,160,-138,-116
0.38329903566432,0.62128963583209,0.95923228685708,170,68,-23
0.78091934825337,0.12770028651119,0.54699747974379,-159,2,-124
0.30911254152149,0.14078116423487,1.0914438566153,77,23,-62
0.65715205793136,0.86004210443238,0.64980586261945,-8,-102,175
0.48168677439992,0.73071321925647,0.24703276527442,-49,41,91
0.70741420737813,0.36202794982215,0.84531764664935,-98,-13,85
0.089719051536973,0.45589480942855,0.93088543025352,-35,9,-23
0.81450794954528,0.65027953714611,0.67275132489053,-12,114,-85
0.63202327286453,0.079953168090411,0.74042072214206,-179,67,-159
0.28823446868371,0.87903621274933,0.45979912400236,162,-101,-139
0.6335325472213,0.1371839685073,0.15561750245076,-113,171,-73
0.21480646832604,0.63994782447813,0.39015382625635,169,3,-167
0.73858558001862,0.54907225377349,0.77437624683342,174,103,77
0.65575146798778,0.23461534373211,0.66241727087759,-156,93,144
0.89266010974192,0.39268354298206,0.4588596160332,131,-77,127
0.45542324588421,0.12897307245479,0.44122608198841,157,-94,11
0.95601323244908,0.19344849427857,0.43915490952281,-78,163,-161
0.55622382115397,0.89620924317101,0.17766578396674,-85,2,-52
0.24854768172305,0.91150738807,0.89464643113066,-127,-77,-118
0.27942925192389,0.45878010590504,0.56840784580838,-58,67,-79
0.12771064421521,0.98750319145038,0.10819764519492,-180,-83,56
0.11162145673839,0.55727630786471,0.44496834983349,45,20,180
0.47722549851855,0.47084652375004,0.23248414179892,72,19,159
0.61438640235662,0.3640991385859,0.96810012202156,129,-2,-124
0.70870654411088,0.41170551274517,0.20110683557629,-86,-37,-79
0.33345473014445,0.35056434494935,0.47950127216964,-164,140,59
0.46297152641368,0.65393270536043,0.80601058458258,115,135,54
0.24062600975885,0.74529084784225,0.46801672231779,69,-36,70
0.42903473294761,0.26747987618087,0.29288117540669,-129,8,-72
0.59811903564172,0.92178753294134,0.36532605954694,18,-79,59
0.16091219855515,0.73477376240062,0.15257698197503,-169,-58,-100
0.29046916695799,0.25283975398766,0.5829330828427,180,43,-31
0.6984427635085,0.53886381515249,0.79295361577205,-173,19,167
0.5818866354329,0.50853863475311,1.0492849930885,-124,-27,19
0.63276775816119,0.48271240549288,0.6710211138106,142,35,66
0.93066643035536,0.64609279560209,0.80928497505807,-13,176,93
0.86144718474776,0.97581371384478,0.1993778161236,36,110,-58
0.014071400283869,0.60603294410092,0.54445923969357,66,-68,15
0.23290936706257,0.11495409864697,0.82847616101079,111,86,-136
0.80158128952681,0.21880275440347,0.66771176707359,-30,153,-110
0.00084418011868567,0.51888350747474,0.23769933774029,-45,107,-173
0.64643204149158,0.80916274097243,0.18999213953036,65,166,-68
0.13119888032377,0.16380290694712,0.90088560087648,26,-18,8
0.069588921065251,0.6217163603854,0.35085423246531,23,-42,-169
0.79128591240909,0.19059904487366,0.36193633548074,-118,2,134
0.045334700981777,0.32750713607646,0.32195373625586,9,38,175
0.25962288782914,0.25701134384471,0.83501086315839,-174,-62,-45
0.39465299639602,0.0099200061568618,0.94037023589032,-123,-12,88
0.7163347740268,0.71290159817454,0.99368901583072,-147,8,74
0.072377626817849,0.93213958802267,0.23350317354011,151,-149,19
0.43950395632512,0.86393138480556,1.0845912908132,140,-12,-147
0.88543944241732,0.70537147936661,0.26367834534667,-9,70,68
0.01325737499318,0.23603424720281,0.84684015789388,73,-47,-132
0.40533143952737,0.18907877020029,0.73817043166522,75,89,165
0.11363390884997,0.91344626290418,0.22238542880974,140,-51,87
0.31258782060472,0.96351347210049,1.0812814178789,31,16,-134
0.90668613645559,0.40384066496223,0.21904697218865,-97,161,-4
0.37061280448484,0.99818873684769,0.24081627695859,-166,159,-155
0.93080715692174,0.77286007663834,0.8551400976978,78,-118,25
0.20787081597739,0.19544658399906,0.30226532742487,59,87,63
0.51360577415377,0.69370066267145,0.4051981079882,115,15,27
0.42826663443272,0.65717470024581,0.84648063571494,-113,-14,-133
0.15486352525412,0.26842385589537,0.83889141890169,149,-122,-42
0.41438320717513,0.7437627458683,0.38463842639916,171,-23,-80
0.8915521800013,0.32900733143511,1.0908721526111,98,-154,-91
0.1768006734442,0.76557789638898,0.77770504377675,-113,-177,126
0.24133091570871,0.065753032483977,0.46072860581834,31,-83,62
0.57464004055347,0.059416222879391,0.13461317347112,-40,-38,171
0.4547856424259,0.040202893335467,0.82338498464012,132,-173,-129
0.80976921078273,0.40731511703102,0.51740752263805,144,-46,-60
0.62964990112449,0.26744359371599,0.90960670430661,-154,34,-133
0.47610203431738,0.96659643108332,0.66895930346519,-28,34,-171
0.55629440981722,0.79428096012877,0.44526550506487,96,78,-174
0.29363010604569,0.48709270753297,0.66681869251971,-155,169,-150
0.76190134406178,0.48366025997496,0.71888710065693,42,105,25
0.099004486156164,0.68341924514781,0.88282149731313,165,-25,163
0.48709830431598,0.38434583245979,0.48234031963271,123,-42,-40
0.98112462832645,0.093185416000516,0.90402754703724,93,52,45
0.99051300063288,0.83896319327828,0.89405738776273,-139,-107,89
0.1631930839099,0.38338077691541,0.46925990011974,12,172,104
0.16728526641023,0.28481785826609,0.1259222318539,-42,-69,157
0.68189203864052,0.96132035132559,0.65730724500367,111,-88,-20
0.40332799004546,0.94010906896559,0.22965412583652,-103,-41,32
0.49515926022788,0.54853429112049,0.1053326631921,59,101,-113
0.50572466128772,0.51972233528258,0.88648818972823,145,-52,-57
0.14646758239086,0.87156669277305,0.28493821154579,-23,2,-24
0.14313483105187,0.26608810632773,0.46828386335088,4,88,57
0.74035359161922,0.48494687233351,0.207092081619,-175,30,147
0.34673785201588,0.31692197654253,0.81328330212891,73,-52,79
0.89618154796594,0.88336139911942,0.11819191920487,120,-153,70
0.054075672782061,0.4449782615737,0.30123926419822,59,-10,83
0.42500103890197,0.85288984601055,0.55247263575554,141,-131,-110
0.53240657203477,0.071384693994832,1.0170536803627,15,-125,13
0.64819721488664,0.14118267695475,0.84835017637738,-26,57,-174
0.6832627769016,0.92710553665045,0.83295202745728,-23,-151,67
0.96603695441319,0.85795260912643,0.49442022582256,-47,43,-47
0.97507596573563,0.97242488524524,0.14288393121347,147,-94,-114
0.20310263391729,0.086161225142964,0.42873425415192,25,-33,-121
0.48038929490391,0.0035135950909525,0.63781698902036,-30,-44,70
0.47656100638051,0.10123671689128,0.58487228550244,154,-161,-179
0.13274866209028,0.97478894143123,0.7906622907569,16,148,-97
0.93731404605197,0.99842870747597,0.69766482962187,67,-162,51
0.72632872579914,0.22174633910029,0.46693288170124,-19,-177,51
0.42343594991762,0.60003554848956,0.99720709384289,-39,-14,128
0.18702356200061,0.86078346234783,0.43151549349144,-26,-86,72
0.26344319724638,0.40026209801448,1.0361921664962,81,109,-149
0.11073638271109,0.97058435062439,0.73197118445857,-153,26,-8
0.54743552280005,0.874635126849,0.5296993158896,-12,-40,-2
0.28869696766543,0.41198551208339,0.56741085660989,-86,-158,-4
0.79572078715811,0.65835447966045,0.16497929574222,2,51,50
0.68701985836356,0.67716429972889,0.91326079872123,54,138,-110
0.33468068127273,0.17291907089433,0.81698496617236,-145,-26,-172
0.51552961790726,0.46993385696315,0.37755531914418,-141,120,40
0.66245895748141,0.95466296512385,0.86141220506346,118,-156,-109
0.95238154099899,0.26135988918196,0.18952279998433,-164,-96,37
0.22637943701184,0.91933740997656,1.0555730670484,-110,122,16
0.98333108750327,0.63309898629463,0.76408176471669,119,-88,162
0.45471403582707,0.40992946010545,1.0380859369124,-69,-172,90
0.93687512396689,0.27286132344644,0.37711685154453,67,176,-72
0.65570234165327,0.56087257739197,0.11666007564248,77,50,-105
0.99962653359381,0.45028471921118,0.34765800696223,162,16,-35
0.013706837321495,0.34351450267412,0.52478486682511,27,18,-95
0.9562698900496,0.37157546094226,0.76178250762717,-83,145,-127
0.063779771357672,0.78559907702059,0.11081477432084,158,-125,-20
0.93545696508859,0.25926447159576,1.0210101258573,-3,55,-180
0.75225657725346,0.73218204115153,1.0640611195769,178,-135,35
0.43209004887943,0.8632259242531,0.61918481407649,30,81,-175
0.5155215810591,0.29349877000484,0.10639908295423,-22,-143,-88
0.52353565326125,0.54940887612729,0.12447429859288,176,-57,81
0.18997976984362,0.047992758009579,0.61103663514882,159,-18,-74
0.49066342762237,0.96135488476667,0.89198198616131,-103,-59,-28
0.58759034685213,0.17513801445027,0.84422757734741,36,-72,169
0.47068284799842,0.87154574034342,0.50579844750734,-5,-47,-47
0.20217052484032,0.28137721879472,0.49932780871136,119,9,93
0.47814919868398,0.80006698463115,0.35936826609977,-3,61,-68
0.38727836980823,0.81153148636759,0.15002808154096,80,-17,135
0.70449032341339,0.17650573848584,0.76150976049784,-166,-30,76
0.66553494970572,0.18385240025066,0.40095843239732,-148,-81,178
0.32340228339816,0.64236903872451,0.32652251935868,-125,-163,-62
0.58771288096333,0.26778371458304,0.75968125204541,-88,178,42
0.39050160273467,0.20865541240603,0.42021976230676,-122,-112,1
0.080261994190636,0.93837006946018,0.95140386822233,-68,48,7
0.74356326076368,0.91261731037526,0.53977252926667,155,-122,-40
0.55586069289402,0.29897544686635,0.74008765045558,-99,-58,-21
0.419725499777,0.010842147753966,0.19826989802451,77,105,23
0.44534273466344,0.94861868626839,0.37134991030737,-95,-138,-63
0.41920317216739,0.10331520536138,0.42199013574142,-15,-28,-37
0.35712763124943,0.56412843780784,0.75617051425212,165,-155,-73
0.2669234179272,0.8636859035416,1.0071031119242,117,43,-112
0.39492527507009,0.53978593346653,0.50534204310055,24,-118,31
0.7302075101669,0.62187987641519,1.0705457091194,7,131,-41
0.21809928827831,0.13448010903526,0.29687832295749,178,68,-102
0.23881615523194,0.81001862874721,0.60860013184538,105,-71,111
0.033753935263378,0.83701475748653,0.12663099487621,42,-145,-11
0.8113137063623,0.72140716888076,0.4660812589182,172,91,123
0.32557123821488,0.27090007684701,0.17365628149065,-122,7,5
0.60984391887199,0.42063019537396,0.94786497515061,-156,-79,-58
0.28667123023731,0.25370647071568,1.0275017822755,-30,-23,-141
0.23090000694194,0.72976652054571,0.98807516865808,6,62,-171
0.54380620156592,0.8370356228375,0.95285587136301,-107,173,-58
0.83523403240146,0.14688841679454,0.30101663759026,-38,80,84
0.85883999003975,0.0044980016557956,0.29252174449736,-108,-61,92
0.89658732707453,0.26141187607376,0.33717879142481,-7,-93,-178
0.61388651496446,0.71293947506367,0.58570891073239,-179,-141,-156
0.77358717134855,0.51596827968767,0.26159497115835,-21,162,-22
0.42434412679837,0.13512294652645,1.0378306748987,-46,59,-137
0.61003527958413,0.51233395492301,1.099003489967,164,61,89
0.61805622308425,0.8133076977978,0.71650732374587,-46,81,-82
0.05179544028444,0.661120941239,0.1308014210457,44,52,85
0.092990629883944,0.58710996880527,0.59108081706384,129,123,30
0.57763949342893,0.3489581213095,0.56374901033181,35,-108,7
0.071361552491487,0.45311737221345,0.54157057648598,-90,48,104
0.16385229917423,0.72747225348254,0.98213860284637,-65,157,-167
0.98863824316703,0.48577409120545,0.43122317415253,-15,84,-18
0.36507151060043,0.69426323878312,0.90025874068973,-79,-19,-92
0.36502580408241,0.27214966727055,0.559117493806,98,129,-24
0.88133231964024,0.24458706669723,0.47517853331528,24,162,-123
0.24255688546344,0.1642969456335,1.0266958105968,-168,-161,54
0.78453246773432,0.026150327653694,0.53860199648822,104,88,78
0.90201879288164,0.51993616648015,0.91764910315054,-90,92,-134
0.0022666142332678,0.49382542515817,0.81286208774562,-153,-23,55
0.0085403858723773,0.42876049197687,0.44020593219446,126,2,-67
0.078022955021832,0.40181815084155,0.37317376959751,100,-133,-133
0.53629096948369,0.42357262057419,0.60550299859862,100,-91,45
0.86218231397783,0.19128675954011,0.22567165872346,-24,-116,11
0.07897889990312,0.98256233147465,0.39411541544558,122,-18,-179
0.29263834063552,0.50103519600864,0.63951850884572,-12,-137,107
0.47181849669284,0.32732362641363,0.70971757611712,-17,175,140
0.054332273106245,0.93935862227313,0.59658581125391,-136,63,86
0.90577509715491,0.49244912969528,0.31922782725619,-50,176,21
0.1680086158067,0.74288940278016,0.85478038878868,-137,-121,-84
0.53746065429294,0.29771539349934,0.31244988181277,-48,85,-154
0.30901378547261,0.28121299728808,0.95615103079758,-170,-88,-58
0.4121778534782,0.86964509583527,0.69394629839526,-89,-101,-30
0.16853407685111,0.92529693242409,0.43512768770341,-30,-114,59
0.032827509116767,0.85502571978375,0.67576795927052,-151,-30,50
0.816287320953,0.58553007086065,0.10267517846202,128,100,27
0.11988142231474,0.92946217718043,0.58690906562233,-103,-150,-84
0.58739347969526,0.96699285878194,0.51661175825475,-117,115,139
0.56364591352811,0.78235718364937,0.75437329730688,-64,-164,-66
0.40122274234948,0.19366339230615,0.5967409709919,-20,28,-12
0.28584626842562,0.97718828170429,0.92074393789319,-13,175,7
0.85575743245695,0.26921045978982,0.50360877914522,106,-165,169
0.9069603946558,0.3218680360922,0.28865812951171,39,-147,45
0.55999558491632,0.73007502208002,0.39457201217048,42,104,-111
0.89844808210547,0.90756951361316,1.0530961261844,-97,125,4
0.96127373909637,0.44631285799961,0.73566955860503,96,5,60
0.21562005403248,0.56799284348637,0.54249115578946,-154,-155,-167
0.38316090096867,0.14573256445384,0.3718913211822,-54,-98,124
0.50344496104095,0.51931155031515,0.67065737367173,-79,102,125
0.27966214543193,0.44932813032033,0.17114342743118,-82,0,-99
0.86807474627536,0.63338518172194,0.9049069860973,55,4,-18
0.097852460154264,0.61252050316544,0.26278122000526,-101,102,-162
0.36228260321649,0.42647291460376,0.55819545465437,104,91,150
0.10046831243693,0.43237349783647,0.15517577056548,-163,34,94
0.63678792148679,0.48107739839753,0.31231091591172,-51,-95,-127
0.026139084727568,0.30477271150089,0.36357146830464,-91,75,-130
0.92672357518539,0.7395934349576,0.37086097387171,-8,57,149
0.3366094978231,0.3761445085407,1.0209752422389,62,-121,-154
0.53395603342632,0.045721924419385,0.82403811697105,157,-23,151
0.52098285896749,0.95261289922177,0.4879625393953,-138,-101,-10
0.15771636513887,0.87884551793283,0.56754940015615,-68,-178,-2
0.17781188906069,0.62716245633884,0.71176152742084,53,-101,-79
0.74893643089986,0.45557948828469,0.9575118942454,-59,-19,53
0.29877907657008,0.16759685621019,0.44549841999332,-43,111,117
0.17795812114047,0.1818169188601,0.74704930952147,-68,107,151
0.14372503298508,0.27894781356628,0.9643548455389,-4,120,-79
0.14388385095814,0.82990622419394,1.0255303800691,-59,-32,51
0.29321819976588,0.53671089771051,0.27320823211838,47,-166,-150
0.55840563427583,0.81063282387826,0.3039704128187,-151,-90,-51
0.4482583726981,0.47205610734972,0.99529499267009,13,139,88
0.5594596651194,0.38969963667435,0.82073572535102,178,74,54
0.24024996591744,0.20976131000079,0.93895772734608,147,-131,-74
0.3106300212958,0.92521339791138,0.39647505250595,-113,-163,6
0.025101859134204,0.2851714469889,0.70170469833617,-132,91,67
0.79092229520479,0.34080809650049,0.93470277387402,-93,94,60
0.35999782120809,0.90760911484603,1.048596959444,-161,-96,55
0.95923720344866,0.70793029419516,0.44140799257039,-12,-62,31
0.17622703042637,0.77739037143876,0.74470613638158,28,70,-100
0.025606757507476,0.8896506460801,0.29554967535452,-117,-158,-135
0.80423989417229,0.17094189728188,0.34808013636995,7,-144,153
0.94618482931805,0.57768576851938,0.24529375552446,30,-89,141
0.21828464056285,0.66521419010368,0.69515619259102,101,-113,-91
0.31404404263666,0.38330651790989,0.26165800074193,-80,128,83
0.38135777617868,0.33798687501717,1.07946735098,62,-26,4
0.47756257954871,0.67719956006724,0.30941206589779,20,-166,-59
0.13864709489916,0.69660022421582,0.20214537340316,-159,-168,-169
0.9775230274431,0.76022862212743,0.79755660495607,6,163,63
0.37851649540407,0.85572698379668,0.25811030853452,166,110,-75
0.26392622164633,0.68647215780172,0.74862181509315,34,-104,45
0.29693436170785,0.20749772396288,0.64406796048585,-126,32,-84
0.10293245692874,0.81279492602348,0.63518341879136,12,-10,-169
0.87923437956685,0.65667626618253,0.28595161157937,-28,-88,132
0.89355462086087,0.23026365099021,0.52279693829957,152,73,0
0.71168869115025,0.025631753739729,0.6093569674107,-152,107,-138
0.093337437647086,0.99878440285045,0.41524468740227,-59,-160,-3
0.40568590229642,0.12097598571376,0.1210036235028,-20,158,-151
0.025325935811422,0.60336000872932,0.13054279369793,150,-64,53
0.31145781898473,0.35136040176794,0.59115555942578,-115,-73,-50
0.27331050265269,0.62168683233749,0.61715308591591,16,104,119
0.76603505144177,0.41274362449196,0.87686511016305,-27,67,-175
0.53491268890673,0.29130789511432,0.37056010126628,-101,51,49
0.14402279869841,0.71513133762178,0.9769330381774,-97,27,-131
0.43121272019633,0.75348885439033,0.43093067506837,41,121,-28
0.54060370779624,0.85403503005115,0.10677214796039,-37,106,-28
0.82446159553922,0.18988413279405,1.0062399989489,-83,150,-152
0.85107426757509,0.86846692667737,0.83664435452625,131,150,133
0.46876169995813,0.48570591606465,0.72157939729354,18,44,26
0.10662375348929,0.79960635993611,0.39166768644548,19,68,-111
0.74450506118336,0.37793173611999,0.47006231414623,-179,49,179
0.76621911524153,0.66321070150622,0.1161748225876,141,85,-92
0.21072458904736,0.78479516915269,0.34442683544216,-175,109,-129
0.39311956958525,0.79645898975267,0.50166745493266,-39,120,-46
0.63551708666399,0.53608280631531,0.36249844453414,139,110,19
0.3548498490615,0.31517503564953,1.0849540810031,158,-118,85
0.63017492677559,0.36767207708567,0.45003009827343,-174,8,-6
0.25028361717718,0.13415273983691,0.41592563694153,-58,-110,-149
0.51815830847163,0.61504312353909,0.28618534746868,-14,170,98
0.53674129933898,0.45333222460623,0.70464196494065,-146,105,64
0.16372759834106,0.74688404647023,0.94499625062803,-69,-56,17
0.59582164352565,0.21283713831233,0.66967134893391,151,55,-13
0.88914678194055,0.42997396291698,0.13099956085486,-68,-41,-10
0.47385337505203,0.55726555760823,1.0138745148265,76,100,74
0.27215536696471,0.64916885115633,0.30356103321703,-156,27,31
0.58653557234748,0.22616871875998,0.46039230290819,101,25,-81
0.51638487610798,0.41102876673035,1.0648653608583,-145,-58,48
0.1330016521425,0.22697348623861,0.28818921837406,93,175,-126
0.6898100262926,0.037440894654692,0.29355969978197,-179,65,92
0.82201668984351,0.1788076847693,0.35691400806276,-104,158,-16
0.41281918734909,0.78626721062989,0.51823143857449,171,142,-139
0.80341432280997,0.65366244532804,0.43596272456272,121,128,-123
0.99953038804211,0.032260766733559,0.84575870844804,-23,-81,8
0.43016633085449,0.65968947189846,0.67685417382831,-45,-128,-170
0.52056485718142,0.021199669698812,0.62669901518463,177,55,68
0.63912555884529,0.6602782517021,0.62617082769339,74,156,-110
0.98399169369787,0.86025093675603,0.73259720366103,77,-161,174
0.79296676572085,0.7196302026136,0.11894840831819,168,40,132
0.07513361288008,0.50371090299623,0.50387070337491,-51,11,-79
0.38234602817443,0.29121232325733,0.53995162166653,116,70,-51
0.049564897105826,0.34846113452151,0.52481190544777,81,115,-68
0.57405258276223,0.13965677755869,0.17236649425345,-62,150,-14
0.31068044961927,0.51665530796938,1.0531357823653,-149,-97,55
0.64040444122646,0.82256389447607,0.40624043303832,-159,-170,-7
0.71736757676926,0.012963657273428,0.70070789586786,-89,-83,175
0.50306061725275,0.37923182192223,1.0298990228818,104,148,63
0.67804002281187,0.22343899180341,1.0054549112476,-41,47,102
0.59199267048016,0.24660819454426,0.31535962457553,153,-77,147
0.85154692868308,0.12100842740434,0.811411349341,19,74,147
0.68461794903717,0.093279687731191,0.58472897498157,116,-87,-52
0.31322207642404,0.18143300394594,1.091154427636,162,-132,104
0.48481207596362,0.16597617797832,0.76933225824932,-76,13,-152
0.63310809183545,0.93205269329811,0.51906557996714,-179,-164,84
0.25705648504992,0.6142675926044,1.0128268695962,-170,149,57
0.380537459804,0.32063526069775,0.30655389512263,106,-159,95
0.26159575267769,0.77853045928224,0.6030538949664,167,-173,-166
0.098875095182506,0.66949444341915,0.22737484282226,-33,-71,22
0.055178842532997,0.11540160892317,0.44183867198501,88,-95,87
0.77587419598171,0.51999816183001,0.76737106566661,134,114,-18
0.53616913805537,0.34272863033355,1.0041503066682,142,-99,94
0.76740530867474,0.34188186998567,0.38182734562169,38,-158,-142
0.25307629082961,0.21581447367361,0.39418735964884,-93,141,-106
0.41236810358817,0.92407168025341,0.39589356402675,158,167,73
0.94128548537441,0.26718659711405,0.41714639035852,169,149,138
0.561283743736,0.80276196580509,0.78758612903188,-68,164,-154
0.2471373613212,0.11517272475882,0.71772928508824,56,49,168
0.91798562925215,0.19002203465906,0.96796040594017,-171,96,51
0.45665146524862,0.061759008589088,0.83849326732498,99,-70,114
0.6967989195589,0.068946101734855,0.10576882856235,72,176,-128
0.27759571898617,0.75280362402685,0.2623391798522,-52,108,157
0.15928951332313,0.540184912989,0.46067848064037,-69,-115,-98
0.18979256795244,0.86935662565257,0.74933917282584,-71,146,46
0.011272883513604,0.85154110977964,0.45639126894828,-54,-34,-13
0.35656891314153,0.19942969139639,0.69919713884555,-174,-164,-76
0.42267641398249,0.56190125297844,0.95556328569332,-180,50,-64
0.27558378701824,0.39796835761423,0.74854787739392,-40,-78,-89
0.99110798304486,0.98398588597029,0.26976742221497,146,19,-129
0.15467953223487,0.47884832391462,0.73739118242515,-37,38,148
0.7474175094382,0.33376196275175,0.61149884169525,-13,67,140
0.582086684919,0.73934312478609,0.43330342654758,-117,-36,-49
0.75328554108426,0.76193052658901,0.42326631169918,103,-27,8
0.85457942534917,0.58941305316492,0.89392451876492,-134,-17,73
0.19205469926449,0.47054642367668,0.38173570534295,-123,5,-94
0.019439669800661,0.73566574171915,0.9373679895128,166,45,-89
0.54480784225501,0.34708382577965,0.8998275248333,-149,25,-80
0.29386579259013,0.5062813612196,0.75566553997605,-81,-102,24
0.56668591106622,0.89582264325387,0.12793562460129,83,-136,51
0.74625758395822,0.88045467710144,0.71511885077465,-96,135,67
0.84138138258894,0.79074404704885,0.6993752221574,43,131,147
0.90119615471978,0.41986102304415,0.63131266614949,172,-132,-41
0.043626777848055,0.4230653515193,0.13529688903843,39,-78,71
0.61120624077097,0.765327771085,0.25103425325408,137,138,-83
0.79364352384286,0.37941227870966,0.30486183427501,-24,-52,-61
0.81041268297025,0.38406172505769,0.61828136691744,99,-96,-69
0.52896972118363,0.0015723467811813,0.67365519673268,132,112,92
0.96043161952888,0.93797637519332,0.1316937314494,27,114,-114
0.68902243379924,0.82706075991833,0.5771175749959,156,53,152
0.60682369796877,0.73402006865201,0.39725527963473,-160,16,49
0.2785378001996,0.61596779973058,0.58294958634439,-62,-126,-108
0.93704913134549,0.2783528251007,0.59576700315614,-30,-121,55
0.77043935645858,0.46918478536847,0.18908459967425,-110,-178,156
0.63975982910011,0.50197105412463,0.79736737185035,142,-89,-59
0.19670508019473,0.2027982688522,0.23898166135837,-11,-140,-136
0.69983627586618,0.46949636212992,0.55620719876895,-152,-59,-131
0.21523155933955,0.9991552294228,0.39429642636995,93,-66,15
0.67918343920223,0.346136857451,0.4114450268035,-22,-22,-89
0.83404476094714,0.34514007966273,0.56549540872942,-137,67,83
0.164270297235,0.44058282973272,1.0836390586494,-61,-36,-62
0.42820335665168,0.15903539124831,0.64669193576402,142,-63,175
0.55321338705402,0.073576985426981,0.46615786904756,-108,62,-46
0.58871378357928,0.84161384536029,0.51290540127685,-24,-49,49
0.83649348506541,0.039541120193685,0.74331750694817,169,-179,167
0.23771748470036,0.36616070725311,0.52483911822775,-93,132,115
0.26038122235815,0.75719918951262,0.29274881677364,160,34,134
0.96723331602627,0.68313266927522,0.70427994495457,-120,142,35
0.4853599348503,0.24267461441582,0.2674456154776,132,-64,-38
0.78506866925632,0.32673379421548,0.53429828827935,-24,163,-157
0.44300688311598,0.93005062263927,1.0900137172034,142,112,-138
0.24689672107198,0.66183433945376,0.83586140700423,72,67,32
0.29877582206334,0.53097603308548,0.29422969417378,104,57,-134
0.25687373581197,0.93497203799662,0.92281069914941,-168,97,-107
0.48788091050828,0.86408641974632,0.24208106749788,-31,66,17
0.46540932798079,0.56070436656508,0.10273798359685,31,87,-115
0.67932411966814,0.5373549380048,0.60000526360236,-80,111,127
0.41442389852108,0.4632544715252,0.35895768229801,108,-17,54
0.70634128419046,0.2368042353712,0.64404456799107,171,82,-178
0.99952622828983,0.18721828711555,0.62433076199346,-175,60,-22
0.80242929551864,0.95453696183606,0.24853720746401,170,116,49
0.85192420512993,0.15155740415284,0.27483446382677,-56,-146,-48
0.33749122793669,0.94770777362758,1.0270171480845,109,-180,-44
0.57568604013682,0.59569074520641,0.34346339667377,128,104,-144
0.75588669057744,0.8465586546094,0.70966717992428,131,-166,-52
0.36202017420997,0.68193820430056,0.47099013401707,-75,-148,-80
0.93800272603426,0.090944410809756,0.5474365229008,41,70,-54
0.48870672773975,0.38347043161442,0.23872171758615,-4,-79,126
0.35469175100079,0.78304255231425,0.33568370809578,102,-153,-104
0.59690737519269,0.90667127999788,0.6577799033177,-106,-92,172
0.25504331628561,0.36267040826505,1.0666260187359,167,-96,-10
0.11321416921598,0.8274128575937,0.64182791269469,-49,-113,67
0.96749075733474,0.6624362630129,0.98769028051183,-92,-1,50
0.14903247409921,0.64023003943275,0.52000467210077,162,78,132
0.55058716635713,0.44947951587358,0.63812570894981,-128,-65,-136
0.4102422205779,0.91585276923881,0.70902310004878,83,-103,168
0.99143217596758,0.73238439612667,0.29757328983283,55,-117,121
0.049225018848304,0.26734427933923,0.11345787384243,-69,-113,-39
0.84751668798156,0.34116899470853,0.73688591012586,-33,61,35
0.1962290104461,0.22251787093585,0.13314978165233,-85,21,58
0.2124580308853,0.93100471511996,0.97849315483053,-167,-132,-48
0.91305626040001,0.12920527119618,0.24566805360171,-142,-26,108
0.24070574820075,0.99978781817471,0.12938715043915,68,-48,-167
0.30216887467642,0.94757764597776,0.33910911066416,-10,134,148
0.76440779295024,0.98183197946373,0.53015910937924,-157,-153,140
0.2913521971979,0.94522954474447,0.808935621059,26,79,-178
0.91066053365854,0.74081437417344,0.27168592576482,-52,-118,-119
0.025091848347844,0.11462989873934,0.62506289841843,126,123,140
0.40234946105739,0.48805699287358,0.78180924359793,82,-11,-92
0.48732873028486,0.32696041526597,0.39541422906118,163,36,45
0.44448901454196,0.010087044914294,0.11316573843973,-27,-17,-163
0.69115567751748,0.15585431556956,0.27214990974038,70,-114,172
0.74082903831304,0.28709458433422,0.22648224277724,82,149,96
0.5232820825294,0.25833779911433,0.98518160855639,157,10,-125
0.13809284900226,0.78247178987715,0.31728118752003,101,-169,-46
0.28859812407223,0.43837168320938,1.0124343506584,3,161,93
0.75296332535938,0.19934148723229,0.5207713927239,44,161,-171
0.064423024684388,0.86890485504125,0.67801969096904,52,-22,111
0.16362430675124,0.78974541546299,0.68432165653646,55,-58,37
0.97964692766762,0.00032167835176069,0.3684243006019,-3,64,-27
0.90862719384424,0.060756215388307,0.71234176559948,-70,110,-100
0.62892109697169,0.63677251694574,0.70461989026732,150,-81,-164
0.82662446509424,0.51571734878966,0.29106351779358,-169,-65,-13
0.25505668448985,0.79664836861037,0.36156984235233,92,3,-84
0.57551650729753,0.96558620499707,0.79898023116355,34,18,-151
0.5052570321156,0.07390671366542,0.99628531825556,-88,87,-63
0.64117678936626,0.040534278396766,0.19562449254823,-36,63,85
0.65960943543334,0.75423890620202,0.55370226514232,59,146,-115
0.3011214012751,0.29304965831947,0.12144580242291,-68,-78,19
0.10096947853499,0.21783916522648,0.26481947813407,125,-98,-35
0.061932840413383,0.83981124769887,0.29906802950384,-130,-84,49
0.040596194118539,0.40686914204008,0.78585279895265,55,-162,-177
0.33506234611155,0.984610642765,0.89411278282949,168,68,-33
0.39652731660592,0.011097306390804,0.42557042982689,134,12,52
0.66717781623228,0.27026624803909,0.17749644763651,146,136,179
0.93584881254279,0.69814031324263,0.90311945164721,33,147,-121
0.96456928456415,0.065257037554522,1.0271250920962,-30,40,179
0.47307781897163,0.44389336856263,0.68221255363068,92,59,25
0.30205537485986,0.97500273397891,0.63114050046128,-87,61,-77
0.12134109769079,0.26138881559548,0.5642820653805,-73,68,-3
0.17345013663799,0.45536863033444,0.20962854004913,150,-161,15
0.52630467737387,0.72306067297378,0.62945251880654,1,-145,-86
0.28604309274165,0.6534718231547,0.45565934579617,-13,19,-116
0.28634087195915,0.60731204953385,0.48392259058725,100,-60,-119
0.66703797302537,0.91744920328141,0.2948106410889,125,180,-105
0.36063166445151,0.7121652093307,0.28675151662284,103,-1,-150
0.33958728906679,0.92673104625509,0.97047935038362,-32,8,34
0.11215766477965,0.77204738500158,0.30863860063657,-178,-114,-17
0.84000849856064,0.43582310687556,0.85065438298073,-11,109,74
0.3470851314939,0.65342550801738,0.54833990719558,127,-9,-36
0.3278190653435,0.97758524211942,0.84953201215227,-14,116,62
0.89573027468088,0.69294285340837,0.87482135955934,-73,147,-164
0.57031748004738,0.063292258914231,1.0080398468804,8,171,90
0.20717536388299,0.030593972201736,0.69334099786046,118,82,10
0.094628017905461,0.13280747045428,0.14552738556896,62,-179,-32
0.16440009985324,0.38603610982468,0.35027675007017,143,-80,-35
0.69225670802046,0.97939252433339,1.0829822075474,164,7,109
0.57469331453307,0.91650458933623,0.8741578923418,-69,95,168
0.86144159308702,0.9323969948722,0.26683709722331,-91,-148,-17
0.34449516392522,0.15412060877034,0.19887475990638,70,-77,-42
0.22196533448154,0.63407555671133,0.62377971518961,159,72,44
0.74276436247992,0.52794771619511,0.11032742485885,-114,-90,136
0.26003373612651,0.34778829214526,0.25072227974922,-148,137,-27
0.8837260342593,0.6335813056834,0.39697514525474,163,12,140
0.23102807031527,0.068194507187323,1.0017194844325,178,-128,46
0.61421833635039,0.66863105989463,0.87607128944996,-141,172,110
0.11669892078112,0.15987924447278,0.59154809093641,-172,127,-80
0.23395347140448,0.55828869229103,0.12366356552749,-86,175,-73
0.00051997834840788,0.63727869495623,0.85434985140075,117,-108,-96
0.72763261046616,0.83698892213264,0.49010924817534,128,121,10
0.42337475271121,0.53661325319512,0.60609214580902,32,-38,-38
0.37243571708558,0.0069214780847176,0.61645571902229,-163,-120,125
0.93091765042903,0.84572842896251,0.75416215390626,-80,-62,48
0.59198013860359,0.55573709428112,0.68278206017929,118,-40,155
0.79795020017677,0.61213518102287,0.70529093938195,45,-179,70
0.83741376494868,0.80040126005206,0.22776226882253,-38,-73,175
0.8267786110876,0.40600148653891,0.31943585258882,118,30,1
0.43429985569525,0.4185189006005,0.54426746593987,-6,13,-176
0.81214520140185,0.015823642264969,1.0348604511166,9,-131,48
0.67382408197682,0.68167195594016,0.78459104825025,-77,-177,130
0.83095438723962,0.41681385432222,1.0737509460998,-95,12,-174
0.91211429467058,0.015493376187744,0.12501816350269,45,121,-131
0.49994452134703,0.13813078363339,0.1049555017636,-144,-45,171
0.84652282569861,0.15081447975282,0.53466793626299,-104,137,-61
0.16930118816407,0.72517129114138,0.13830281507145,139,-153,166
0.94370385443033,0.92483173120992,0.33463688755158,105,92,154
0.69692287812797,0.92733193837448,0.67822977545589,117,-35,-27
0.22015386830091,0.21507149758519,0.39743302441083,-128,47,72
0.68117210626657,0.87107691861274,0.56509738800353,-115,-97,88
0.12011173885321,0.019546019853813,0.83378278256104,56,64,87
0.77867799800759,0.26438278763759,0.429306721375,-34,153,132
0.88278829161208,0.73776080819674,0.5341255637976,87,-122,11
0.22103870065,0.23472011565916,0.69317737379725,-153,-123,-154
0.8066073711061,0.33407240050569,1.0817904736762,-173,21,-156
0.43719073638189,0.5290923507554,0.37590771917063,142,96,-44
0.037560618034359,0.0097636124164628,0.93635294755751,98,-57,158
0.55431499358002,0.246652424916,0.78382011106416,-43,96,-24
0.82301257542475,0.1325845877326,1.0262224277138,65,-57,113
0.070066371965253,0.58253135792098,0.14897438969881,-88,-145,-176
0.24598670063819,0.5706838250955,1.0949454050488,-177,-38,-131
0.14162151754909,0.18201197180059,0.985665643907,77,79,43
0.33874544610211,0.10339514357196,0.71875098786259,-90,161,134
0.29098668475216,0.60523969987651,0.70948885586555,-7,63,82
0.71664126856096,0.83807746965349,0.87852963599308,135,-29,105
0.14698378189792,0.011086090007371,0.94250319089857,138,12,21
0.10539918071842,0.05725972915872,0.53833763824698,146,99,-100
0.98484706691692,0.69459215351129,1.070003745039,70,-47,98
0.37922126910613,0.8365437615833,0.93238701561111,58,-114,-161
0.31390429814994,0.082378588189547,0.7851935394505,-145,-6,101
0.96249459356186,0.81236051433364,0.84866187979871,10,-42,15
0.6847683064103,0.75973673852148,1.0581776079527,61,-139,-43
0.3166061413086,0.93736276772682,0.95985892073245,-7,-92,-8
0.40321383085251,0.20899414932774,0.60196316582242,-142,158,27
0.34703876606516,0.46880841230452,1.0836135227157,-3,145,32
0.97592985582348,0.83797235732804,0.12400607523695,79,-27,-82
0.18165410039092,0.15540595406452,0.82263327786822,-29,-78,67
0.22454689639832,0.15388335434435,1.0683410660216,-129,31,101
0.56322814503835,0.87817780435,0.84004771036098,-72,74,-130
0.6861376672453,0.43541268046732,0.5170765520153,179,-17,-77
0.24112154228665,0.2483043113017,0.60396387162803,-61,-103,6
0.13853184047087,0.33974664860393,0.21798769101407,-97,164,34
0.80395727502366,0.83003893253861,0.76242386664377,-165,170,158
0.86850455071242,0.73122554213331,0.80153045966361,-146,96,33
0.34292434218476,0.028417282285363,0.56801213429683,-85,133,47
0.76250160101918,0.78667788756391,0.28141961385562,-113,36,47
0.81673985571449,0.88839030959103,1.0792668735512,104,-155,-129
0.39857219643824,0.24932338774638,0.61985258772962,97,-133,35
0.15500695777824,0.43332896355229,0.71012601368601,-58,-41,-7
0.70859342334261,0.87095484783452,0.51337118363631,-91,-121,-118
0.42577552908369,0.97359715913124,0.50403248993868,-19,168,-106
0.62718840438276,0.80985857863438,0.74548426617192,166,178,-15
0.62027876899591,0.18383406902842,0.9293898933704,-25,80,-120
0.16805440428111,0.76381739264532,0.62511758148909,175,-88,-81
0.77863721026976,0.54177407712758,0.66008068684492,-32,22,-95
0.19814029112372,0.052773736441868,1.0520266167596,20,122,-153
0.65429532977487,0.34614289521526,0.70961253736616,144,102,-17
0.62639197456948,0.26639192144684,0.70572824608801,41,-127,-127
0.48490175999929,0.86680158174913,1.0826114997187,55,16,162
0.98734251781709,0.48240727581196,0.72575309845887,72,77,152
0.35505985298895,0.8835645643452,0.50396893695182,44,-106,-9
0.95493402050572,0.16310755357291,0.91229305025763,-28,31,-134
0.293060952934,0.81142624319132,0.44083925575988,-89,71,-25
0.3260639558202,0.42438092195633,0.29239997267369,95,61,64
0.69623650596302,0.60194065775813,0.32282970939895,154,-118,-106
0.16419531878279,0.46640368479602,0.53959084685873,42,38,75
0.91226050207031,0.30161303388961,1.0055101493865,28,-132,125
0.76567818539482,0.9487884943135,0.12550581005658,-53,161,-51
0.047056300121851,0.28273845430591,0.74988361189602,-72,-124,127
0.2188226795843,0.045140248744348,0.14148331798682,2,19,180
0.21562955538539,0.5314661499725,0.8802615527903,92,145,-47
0.12921103934255,0.27669311188007,0.13155965406055,-150,138,60
0.41683519325072,0.046986422057723,0.25291061259476,157,-25,-170
0.044683917912042,0.37216058297649,1.0126331796463,83,-36,44
0.57240135761555,0.065029991355273,0.87854415531202,-98,6,-42
0.5207825459171,0.87738597154496,0.58169047966678,124,114,99
0.73165943787045,0.19459423385309,0.5271062595896,145,-112,106
0.25601173390449,0.95957683397437,0.69142196811336,178,54,-143
0.21673793402349,0.37740148435226,0.60966524030532,-78,-4,-34
0.93710771898604,0.94904089716684,0.3426688048256,80,-164,-30
0.7019481773963,0.31234800736995,0.17562263918837,-93,-8,107
0.50561652356089,0.93420748037016,0.5144027710028,-156,-137,-41
0.53911787762266,0.79696641201012,0.57863595861878,-110,-14,111
0.18446297765917,0.31620998602184,1.0780594524825,-130,-15,-64
0.050401338865236,0.52405847074653,1.0140954468931,174,-2,-53
0.053414758785355,0.76392091613445,0.63659461510209,-38,153,-54
0.42907212508333,0.83915090180894,0.52722734828816,-115,-166,-133
0.93239453059267,0.28636717250867,1.0137826440454,-176,96,15
0.91641698354688,0.077698829154344,0.5704827337854,81,-127,-87
0.09339574402822,0.52440713277292,0.83414284770104,-61,-165,-108
0.50938053033751,0.077836243006325,0.21675485182402,-71,-130,-118
0.24764621083049,0.95460403475659,0.26077600101045,-112,-76,57
0.31602742397973,0.87105821718977,0.94953741303158,43,-146,99
0.32829207150652,0.97876387367899,0.97514734122676,60,153,116
0.11355142952574,0.068880431851782,0.89549662992149,-10,68,136
0.035763614361996,0.54497560278744,0.22028095783679,-25,-63,-147
0.12410840351326,0.98522627446113,0.65427308825509,-24,117,22
0.60696685435575,0.096673075620398,0.94365771144799,146,-140,-89
0.022282855129932,0.25146789581118,0.91005318034908,-86,22,-142
0.25305551302296,0.73024486225575,1.0894611458245,111,172,-19
0.46860447454667,0.23130420652745,0.41622079029503,-164,-67,25
0.95105345824317,0.50816267799035,0.89293096754371,-79,12,4
0.060076021617314,0.07562846321409,0.49498770534759,-110,-127,-137
0.7438281074836,0.59784967061032,0.54845094319827,-94,-150,-15
0.61077156505118,0.67634797546843,0.97242026434858,92,124,2
0.39300651400956,0.42323228783125,0.81003122893629,128,-149,-117
0.18698401385312,0.10123637463024,0.87267609479496,25,21,-68
0.93781073574806,0.85207121346708,1.0134695902064,-171,-168,133
0.89700518823089,0.067613619411184,1.0804297005667,165,-44,-108
0.26026135555481,0.89814169281076,0.60267728068991,-92,-17,-116
0.59538235775911,0.30882958290578,0.44749992580502,12,176,85
0.482475603224,0.55902658615216,0.16338763938443,-24,12,-36
0.66969132175189,0.064209159959205,0.66985229047474,-166,-40,32
0.33096641876314,0.020559035251177,0.80345277232279,35,-57,-150
0.31471983497716,0.50011232518596,1.0154205550046,-78,-146,-78
0.51554276631937,0.73716258152256,0.14160071306005,-78,40,-170
0.61402345384193,0.87882492080276,1.0807743886396,-102,143,-20
0.061897273204242,0.82496453999773,0.68946637324498,2,140,31
0.61254375735882,0.83167152564585,0.80907246401025,56,13,-178
0.3647003757603,0.7374613237276,0.9795351352913,-114,-165,27
0.69252721997561,0.50909457239746,0.91001678798814,-90,-68,-150
0.92555358024573,0.88420251285853,1.0367838245522,-94,-41,-13
0.96240482244753,0.95323671118973,0.72170602084217,-83,115,-19
0.044173017164773,0.9701698543365,0.61412818092579,118,107,89
0.23574066964711,0.71152315368481,0.38733797990127,-80,165,33
0.95449471192178,0.32711519036773,0.6934278422936,-88,99,31
0.60822418686385,0.1792597371057,0.71718280874993,-130,159,114
0.46461220992013,0.48595635429302,0.43367485754829,-164,143,140
0.27109716705563,0.27526122856665,1.0547756039327,-31,121,123
0.10458493237597,0.34489536161762,0.26212278239528,2,72,-149
0.97794162853525,0.61124040401133,0.32854068606558,142,166,-68
0.19796948330382,0.45791572493404,0.78424254920531,-40,-168,168
0.94403886559607,0.35064080699842,0.22321298295782,-43,159,-22
0.26186965883797,0.76540838310747,0.1547841959888,-18,-58,127
0.035170766541348,0.2216179409165,0.30905826297079,153,126,95
0.43299944113614,0.94168183437627,0.42874313151871,88,-100,-33
0.042464757823602,0.4392202954922,0.40232118549865,21,-151,-120
0.43257883863178,0.66241554527656,0.5133989291328,175,-161,110
0.71637455640192,0.76226288069145,0.43283567723485,-36,50,144
0.057340784956394,0.42978510047765,0.63251727089869,-111,46,-164
0.78315749288684,0.090075591155363,1.0095572586681,-140,159,112
0.92289962569387,0.060955451829804,0.25939049662994,-41,73,44
0.68461168496153,0.19798255022521,0.24238039923011,125,-115,33
0.40632429598194,0.41926200288314,0.70550695685926,7,147,-7
0.14466000261934,0.010169886057344,0.62346753446547,-56,177,102
0.010435885288956,0.082894110625095,0.89757959851882,70,-66,-26
0.66300307943626,0.53075405328104,1.0337574140792,-14,32,97
0.32743553273726,0.39105739323006,0.50969198961262,-13,27,-91
0.96045500876403,0.41251917854534,0.46086810490157,154,-73,-47
0.99399961484317,0.33673288642277,0.33428809327739,153,94,14
0.0070555750313474,0.82811794608278,0.8307742357863,-49,145,-34
0.32512292234466,0.56666382801098,0.17278293700553,-85,81,43
0.70923924665397,0.68354624262245,0.38409070395124,37,-111,-161
0.99830215889881,0.24053896136607,0.6554680892059,132,45,119
0.14629237872841,0.55332445704999,0.57882702410166,169,179,59
0.91722765654196,0.24664557876375,1.055550017746,-145,-56,141
0.42392855995518,0.53244639212845,0.85181827496356,73,174,177
0.27107417689221,0.51745502628268,0.85032143841978,9,-135,-45
0.038914003427566,0.81964960033989,1.0686378771293,134,4,-109
0.45173527181695,0.073845676646496,0.44521839457807,-16,82,-118
0.9758075741007,0.59059497182751,0.46740318470048,-67,136,22
0.18963515767345,0.68198995882738,0.6044118405806,-40,-13,-3
0.96076562020963,0.30401944895462,0.59390040407605,13,-44,134
0.88061215955793,0.24638914095535,0.78586306026478,22,46,-49
0.051076098369004,0.57682121106275,0.2953405035638,27,-105,-108
0.77204607789034,0.38683922746537,0.86618934039315,-6,-2,53
0.30495024719506,0.02042523586211,0.27476209214645,104,-168,22
0.38681065216046,0.91370231887032,0.17769436951619,12,-26,110
0.6449138227128,0.46611193030426,0.71371888248889,-45,52,133
0.63956910867224,0.80212199026818,0.55103596544407,103,-140,-176
0.97784567809563,0.25697057007671,0.89263127492398,146,174,-30
0.42762235385721,0.8338211476029,0.42995991843285,105,123,133
0.37323874438798,0.56073589975049,1.091678508926,-88,132,-62
0.60765624773114,0.59056748896398,0.79235821007395,-21,-145,133
0.52176968637936,0.94237834678142,1.0793455353842,50,167,53
0.86505024734188,0.18210814762027,0.59976838915598,48,27,-104
0.97971446811208,0.85106769383469,0.25849313380127,175,-93,54
0.64096747089222,0.35656330704529,0.7973824709176,-46,-166,51
0.64312295226526,0.41759009213075,0.9233488182646,75,38,-134
0.54483612000236,0.27727925836913,0.58513216967002,70,29,165
0.19093173238958,0.70203301669193,0.82686090400762,35,98,-67
0.68265020599712,0.75635346200147,0.66080309839957,-49,147,4
0.078687759618595,0.10969200083506,0.49731012675786,112,-16,47
0.47052409521794,0.71248920155339,0.88930721841255,-85,53,-122
0.92467832468668,0.83626355735411,0.32737194422044,-148,-25,-44
0.0959056737348,0.32435914935747,0.87562815313024,62,-91,-124
0.97762255928368,0.72348427014588,1.0944868865397,-157,115,-70
0.62326337379555,0.30828520018062,0.16978027246417,27,9,-114
0.617162949693,0.96014038750908,0.23934805297262,-65,-154,-11
0.94553133563396,0.61104996763684,0.87972564789454,-92,71,33
0.063957412291298,0.59139767642664,1.0663422498695,4,61,-60
0.77181191824927,0.91659555766573,0.27252496637987,21,95,115
0.92955604564844,0.075330482830913,0.74700080531044,-107,41,25
0.28809959128876,0.19378740675458,0.99465905348522,119,156,118
0.069064808110271,0.61572558880585,0.28280116896275,100,157,60
0.88496059779309,0.38107691769538,0.79702535807017,6,-135,35
0.64822691522922,0.95755810847392,0.16837692813407,-16,165,16
0.1191929593306,0.60754968440512,1.0351294007782,144,35,-43
0.89607369429249,0.7125323725457,0.2609790968527,-128,-8,104
0.37002719723155,0.50380838453016,0.78530426159748,98,-34,-97
0.89982145926907,0.96373368844564,0.79850136185926,-79,172,-133
0.44567402938645,0.043811009285884,0.78176670217969,5,-167,17
0.4603772933876,0.91653050711217,0.82273158315696,-164,-104,60
0.35720449330155,0.64116460161338,1.0670365410703,1,-158,-40
0.32608469404564,0.00081568863280848,1.0836476663983,-154,-179,81
0.69817339847711,0.87418820703132,0.92245740099924,-131,164,88
0.95180728144562,0.2585341838461,0.48572817872545,-90,106,86
0.78061824328295,0.62453522189731,1.0880290580858,56,26,163
0.53285347555431,0.56905941086312,0.83564335132746,-30,-6,34
0.74587404390139,0.38542335312135,0.10532039487982,24,70,177
0.1805527816436,0.63265110255808,0.23837115752435,144,-162,-180
0.81864927141864,0.063697535574295,0.68498694029869,-22,152,84
0.64359749790449,0.084618502801572,0.61030874695178,-159,96,14
0.54756903906705,0.75333913124788,0.79249210632057,105,89,82
0.88507165428487,0.13990778156552,0.38772806343051,-37,159,31
0.11796155717129,0.30814675162926,0.56952665339668,-96,-91,155
0.82782542790651,0.97945686195952,0.23176799106028,33,-45,-93
0.02682229412106,0.14608030167691,0.12715067520139,178,51,126
0.71343933405049,0.35512767050188,0.35941812305684,62,75,154
0.89941359539489,0.64217064652693,0.22472830485773,56,100,-132
0.13984970615238,0.51707486227019,0.74952598449286,80,-124,82
0.42474074262415,0.38540967245838,0.47271136575039,-59,-178,-93
0.199094938207,0.69271872178312,0.3723738626914,111,-163,-100
0.29299537711451,0.81129754372467,0.60098328222566,14,53,9
0.82545076535337,0.23349468001793,0.52240871089623,136,-45,145
0.94816206579477,0.52134693251985,0.39531533098561,93,16,99
0.20606039148106,0.11118948418237,0.12175119147718,78,-78,-124
0.81920584096536,0.42492636126695,0.78309459215174,85,60,147
0.25852679333581,0.19624274279747,0.67800249456335,-165,13,62
0.11243089899068,0.83443572317922,0.45080975915809,127,102,152
0.46347493653347,0.42889400544991,0.61152260345943,-19,-55,163
0.65401967878175,0.23692084347686,0.5395700783653,125,87,-98
0.31699490422243,0.47038710372075,0.33773171437799,82,35,-133
0.68061327314033,0.70235713510884,0.83902258171654,-80,171,48
0.42866766286486,0.4233216123764,0.33081801237111,-63,-58,43
0.96154152507034,0.40633123247248,1.0695538859673,132,77,-151
0.92767423946768,0.65133279685459,0.30598372454102,-17,177,-37
0.40821046634028,0.34572241098886,1.0426366481663,-115,-178,84
0.78154556303357,0.74354362475851,0.51151913973108,46,-171,-99
0.092792341063168,0.96379768474204,0.72731675413778,119,109,99
0.56087837813463,0.79395219115259,0.89333583023089,151,115,-1
0.55444417686874,0.65909306735689,0.82669149969085,22,-74,-150
0.62114348338039,0.91011711950885,0.87975035029452,91,-148,-10
0.89841888188311,0.031082159388383,0.37898197121871,91,105,83
0.87579176289765,0.19722921782976,0.47911523989361,42,-173,-28
0.39853373980081,0.75449174305168,0.95420820063642,-157,-141,35
0.5023001793317,0.52028196515529,0.91038867999352,9,1,58
0.053603185365723,0.81722045634744,0.96665179387976,-100,-108,-36
0.51716793026643,0.65235645494068,0.77601781835594,26,173,50
0.30109147415547,0.10847604372933,0.17233677435309,71,19,1
0.50342151499513,0.35654125844899,0.98283852948008,43,-105,149
0.92592802733459,0.28352528171778,0.597676184167,-4,54,-97
0.73268758353437,0.88786174072319,0.86109666179917,66,-79,-20
0.95369818012868,0.57430263030077,0.38723227478901,0,110,-149
0.39986055362963,0.96275916367898,0.8774438903562,-82,-129,105
0.30257333456658,0.92130677724318,0.73562080666219,144,-155,-57
0.86977398156644,0.10048659895569,0.15759794453978,77,119,7
0.73120211191997,0.71237798487413,0.81249952107319,13,-55,-130
0.28217817250741,0.09547776919579,0.69032306335416,124,-31,-33
0.26825942437549,0.17216212450162,0.39326641806088,150,-23,87
0.3367686822716,0.32831819976136,0.50458652908196,-59,11,-64
0.97228480501672,0.69543049284044,0.54263684677083,6,86,83
0.82705015029155,0.042751330902219,0.54272669611626,122,172,74
0.9524432951363,0.43352335897904,0.72889938225453,-95,85,0
0.65159410082344,0.17825424027548,0.21774169007211,-107,-156,-149
0.26273893763439,0.65348884447175,0.63648336303257,136,-17,101
0.34787976152631,0.15482736432684,0.38001416580752,17,-57,171
0.25912908663001,0.14549904463137,0.1523566813452,23,-2,-82
0.071335441466111,0.34140665100022,0.404515537482,-94,2,-81
0.98025606245746,0.19337447788258,0.40465931412981,44,-29,-162
0.51552407188133,0.94608776501663,0.17879549734238,22,53,-159
0.95598461802862,0.11500967299333,0.6042357870863,-168,41,-154
0.59162319292856,0.73979369678525,1.0296469366782,152,124,179
0.38454941538374,0.66708464439357,0.8506363968135,59,23,88
0.8105540726383,0.36872443015162,0.33699043702194,32,-81,96
0.97195741579493,0.040136131476674,0.15997372514567,163,93,-135
0.49551039398439,0.082947760393353,0.3573489538661,-73,14,-51
0.43778598189251,0.045372387881098,0.45059829677949,-174,17,-43
0.34425907877472,0.099610687279892,0.61930539241028,-173,-34,59
0.3271785724569,0.86859175929268,0.68955104909351,-110,130,-66
0.85178608626676,0.033089496210725,0.33066659329024,167,47,148
0.14718056756406,0.37268402817318,0.37136949602113,77,101,-179
0.94928664851435,0.42327745045688,0.64283312733417,-31,-98,-136
0.238628008514,0.17316354679557,0.85018650421416,-100,-64,-83
0.54599227269459,0.65629458504556,0.30700523173763,-79,-144,-150
0.68919673920106,0.95974256655189,0.54225257562578,125,94,-109
0.16308326607714,0.35008955996022,0.6041316857115,26,146,-47
0.77937305103027,0.70384344724186,0.38523914668953,59,-93,-20
0.77384187596563,0.98516627540121,0.84794280284454,57,53,169
0.42619340095026,0.71910623401362,0.83215472778871,103,-26,-131
0.49008630611472,0.30123809878772,0.59143897625219,69,166,65
0.017269466080363,0.94571208485668,0.90272027747832,-75,110,-140
0.071036670390068,0.48501920210431,0.18335851648979,68,153,-81
0.63915596745869,0.20706394231276,0.11579279965525,107,-149,100
0.70589583679377,0.16367378559135,0.4198171487636,-144,-39,-51
0.14524573234154,0.18392738987875,0.31440960057751,-29,168,140
0.25931321422537,0.38109406660362,0.97405112053922,-172,-173,-41
0.37887459079683,0.16497293262043,0.16862896637462,-86,-149,39
0.54208388344482,0.35682997543217,1.0913507867564,-62,41,106
0.27197855816781,0.71825412927114,0.64389666930954,166,34,52
0.68488816669438,0.39144468558554,0.84623522802546,-10,36,173
